simTime,realTime,result,prediction,deltaT,payload
64.6,0.008325,10.8767,11.9037,121,6.05
185.6,0.023267,9.86845,13.2421,121,6.05
306.6,0.034021,17.6906,11.5391,121,6.05
361.6,0.039855,9.39033,13.0505,55,2.75
482.6,0.053609,12.7493,16.1077,121,6.05
568.6,0.062267,17.9379,15.0488,86,4.3
641.6,15.589,17.432,12.661,73,3.65
