simTime,realTime,result,prediction,deltaT,payload
100.8,0.014913,16.981,16.0069,121,6.05
218.8,0.029191,3.51731,13.3776,118,5.9
312.8,0.038965,11.7672,11.2233,94,4.7
433.8,0.054375,6.75452,12.5661,121,6.05
554.8,0.067965,25.8711,14.3682,121,6.05
649.8,15.5523,11.3915,13.3828,95,4.75
