simTime,realTime,result,prediction,deltaT,payload
86.1,0.009981,19.9298,17.4072,118,5.9
134.1,0.014812,11.8022,13.0971,48,2.4
255.1,0.027299,19.6539,20.2717,121,6.05
328.1,0.035885,12.5456,14.6168,73,3.65
431.1,0.053203,11.0138,18.5196,103,5.15
546.1,0.069286,14.3295,17.7082,115,5.75
667.1,0.0829,5.00505,9.46355,121,6.05
788.1,0.098141,16.8362,16.5833,121,6.05
