simTime,realTime,result,prediction,deltaT,payload
38.371,18.5022,0.177527,7.90867,116,5.8
127.077,60.8493,16.0477,17.0665,121,6.05
248.072,119.241,16.2634,17.594,121,6.05
371.48,178.144,2.17626,10.4217,121,6.05
491.807,236.676,2.87138,10.4217,121,6.05
611.313,293.57,9.86949,13.896,121,6.05
732.074,350.916,16.1765,15.0652,121,6.05
