simTime,realTime,result,prediction,deltaT,payload
22.272,10.5943,16.2634,10.755,121,6.05
144.177,69.0251,4.73767,9.26267,121,6.05
265.022,127.885,5.39216,9.892,121,6.05
335.123,161.596,15.9193,16.0107,71,3.55
493.215,237.345,0.162133,12.817,121,6.05
555.244,267.086,14.3895,18.5802,99,4.95
580.983,279.46,15.6627,12.8806,26,1.3
679.202,341.493,16.2252,16.545,98,4.9
